observation_date,CP0451ITM086NEST
1996-01-01,69.5
1996-02-01,69.5
1996-03-01,69.5
1996-04-01,69.5
1996-05-01,69.5
1996-06-01,69.5
1996-07-01,61.5
1996-08-01,62.0
1996-09-01,62.0
1996-10-01,62.0
1996-11-01,64.0
1996-12-01,64.0
1997-01-01,64.0
1997-02-01,64.0
1997-03-01,64.0
1997-04-01,64.0
1997-05-01,64.0
1997-06-01,64.0
1997-07-01,63.6
1997-08-01,63.6
1997-09-01,63.6
1997-10-01,63.6
1997-11-01,64.4
1997-12-01,64.4
1998-01-01,65.0
1998-02-01,65.0
1998-03-01,65.0
1998-04-01,65.0
1998-05-01,65.0
1998-06-01,65.0
1998-07-01,65.0
1998-08-01,65.0
1998-09-01,65.0
1998-10-01,65.0
1998-11-01,65.0
1998-12-01,65.0
1999-01-01,61.3
1999-02-01,61.3
1999-03-01,60.9
1999-04-01,60.9
1999-05-01,61.0
1999-06-01,61.0
1999-07-01,62.0
1999-08-01,62.0
1999-09-01,64.0
1999-10-01,64.0
1999-11-01,65.2
1999-12-01,65.2
2000-01-01,64.8
2000-02-01,64.8
2000-03-01,65.0
2000-04-01,65.0
2000-05-01,67.1
2000-06-01,67.1
2000-07-01,68.3
2000-08-01,68.3
2000-09-01,69.1
2000-10-01,69.1
2000-11-01,70.8
2000-12-01,70.8
2001-01-01,70.8
2001-02-01,70.8
2001-03-01,71.0
2001-04-01,71.0
2001-05-01,68.9
2001-06-01,68.9
2001-07-01,69.0
2001-08-01,69.0
2001-09-01,69.0
2001-10-01,69.0
2001-11-01,68.9
2001-12-01,68.9
2002-01-01,67.3
2002-02-01,67.3
2002-03-01,67.3
2002-04-01,67.3
2002-05-01,68.0
2002-06-01,68.0
2002-07-01,69.6
2002-08-01,69.6
2002-09-01,69.6
2002-10-01,69.6
2002-11-01,69.6
2002-12-01,69.6
2003-01-01,71.0
2003-02-01,71.0
2003-03-01,71.0
2003-04-01,71.2
2003-05-01,71.2
2003-06-01,71.2
2003-07-01,70.5
2003-08-01,70.5
2003-09-01,70.5
2003-10-01,69.5
2003-11-01,69.5
2003-12-01,69.5
2004-01-01,69.5
2004-02-01,69.5
2004-03-01,69.5
2004-04-01,67.7
2004-05-01,67.1
2004-06-01,67.1
2004-07-01,67.7
2004-08-01,67.7
2004-09-01,67.7
2004-10-01,68.5
2004-11-01,68.5
2004-12-01,68.5
2005-01-01,69.4
2005-02-01,69.4
2005-03-01,69.4
2005-04-01,70.5
2005-05-01,70.5
2005-06-01,70.5
2005-07-01,70.6
2005-08-01,70.6
2005-09-01,70.6
2005-10-01,73.3
2005-11-01,73.3
2005-12-01,73.3
2006-01-01,74.8
2006-02-01,74.8
2006-03-01,74.8
2006-04-01,78.5
2006-05-01,78.5
2006-06-01,78.5
2006-07-01,82.5
2006-08-01,82.5
2006-09-01,82.5
2006-10-01,83.6
2006-11-01,83.6
2006-12-01,83.6
2007-01-01,83.4
2007-02-01,83.4
2007-03-01,83.4
2007-04-01,83.1
2007-05-01,83.1
2007-06-01,83.1
2007-07-01,83.2
2007-08-01,83.2
2007-09-01,83.2
2007-10-01,84.9
2007-11-01,84.9
2007-12-01,84.9
2008-01-01,87.8
2008-02-01,87.8
2008-03-01,87.8
2008-04-01,90.7
2008-05-01,90.7
2008-06-01,90.7
2008-07-01,94.0
2008-08-01,94.0
2008-09-01,94.0
2008-10-01,94.5
2008-11-01,94.5
2008-12-01,94.5
2009-01-01,91.4
2009-02-01,91.4
2009-03-01,91.4
2009-04-01,89.9
2009-05-01,89.9
2009-06-01,89.9
2009-07-01,89.3
2009-08-01,89.3
2009-09-01,89.3
2009-10-01,89.3
2009-11-01,89.3
2009-12-01,89.3
2010-01-01,85.9
2010-02-01,85.9
2010-03-01,85.9
2010-04-01,83.5
2010-05-01,83.5
2010-06-01,83.5
2010-07-01,83.2
2010-08-01,83.2
2010-09-01,83.2
2010-10-01,82.9
2010-11-01,82.9
2010-12-01,82.9
2011-01-01,82.3
2011-02-01,82.3
2011-03-01,82.3
2011-04-01,85.5
2011-05-01,85.5
2011-06-01,85.5
2011-07-01,87.1
2011-08-01,87.1
2011-09-01,87.1
2011-10-01,87.2
2011-11-01,87.2
2011-12-01,87.2
2012-01-01,91.5
2012-02-01,91.5
2012-03-01,91.5
2012-04-01,94.8
2012-05-01,99.4
2012-06-01,99.4
2012-07-01,99.6
2012-08-01,99.6
2012-09-01,99.6
2012-10-01,101.0
2012-11-01,101.0
2012-12-01,101.0
2013-01-01,100.3
2013-02-01,100.3
2013-03-01,100.3
2013-04-01,99.7
2013-05-01,99.7
2013-06-01,99.7
2013-07-01,100.9
2013-08-01,100.9
2013-09-01,100.9
2013-10-01,100.4
2013-11-01,100.4
2013-12-01,100.4
2014-01-01,101.4
2014-02-01,101.4
2014-03-01,101.4
2014-04-01,100.6
2014-05-01,100.6
2014-06-01,100.6
2014-07-01,100.6
2014-08-01,100.6
2014-09-01,100.6
2014-10-01,102.2
2014-11-01,102.2
2014-12-01,102.2
2015-01-01,100.0
2015-02-01,100.0
2015-03-01,100.0
2015-04-01,99.2
2015-05-01,99.2
2015-06-01,99.2
2015-07-01,99.0
2015-08-01,99.0
2015-09-01,99.0
2015-10-01,101.8
2015-11-01,101.8
2015-12-01,101.8
2016-01-01,101.5
2016-02-01,101.5
2016-03-01,101.5
2016-04-01,97.4
2016-05-01,97.4
2016-06-01,97.4
2016-07-01,97.4
2016-08-01,97.4
2016-09-01,100.7
2016-10-01,99.8
2016-11-01,99.8
2016-12-01,99.8
2017-01-01,100.4
2017-02-01,100.4
2017-03-01,100.4
2017-04-01,102.7
2017-05-01,102.7
2017-06-01,102.7
2017-07-01,104.9
2017-08-01,104.9
2017-09-01,104.9
2017-10-01,104.4
2017-11-01,104.4
2017-12-01,104.4
2018-01-01,108.5
2018-02-01,108.5
2018-03-01,108.5
2018-04-01,102.1
2018-05-01,102.1
2018-06-01,102.1
2018-07-01,106.9
2018-08-01,106.9
2018-09-01,106.9
2018-10-01,113.3
2018-11-01,113.3
2018-12-01,113.3
2019-01-01,116.1
2019-02-01,115.7
2019-03-01,115.5
2019-04-01,111.4
2019-05-01,110.9
2019-06-01,110.9
2019-07-01,111.4
2019-08-01,112.1
2019-09-01,111.7
2019-10-01,113.2
2019-11-01,113.5
2019-12-01,113.7
2020-01-01,112.1
2020-02-01,111.3
2020-03-01,110.9
2020-04-01,102.3
2020-05-01,99.9
2020-06-01,100.0
2020-07-01,101.6
2020-08-01,102.8
2020-09-01,102.9
2020-10-01,109.2
2020-11-01,109.5
2020-12-01,109.7
2021-01-01,112.5
2021-02-01,112.0
2021-03-01,112.6
2021-04-01,115.1
2021-05-01,116.7
2021-06-01,116.8
2021-07-01,115.3
2021-08-01,118.9
2021-09-01,118.9
2021-10-01,128.7
2021-11-01,145.9
2021-12-01,148.1
2022-01-01,182.3
2022-02-01,203.7
2022-03-01,205.3
2022-04-01,194.1
2022-05-01,202.4
2022-06-01,211.8
2022-07-01,213.6
2022-08-01,241.2
2022-09-01,241.8
2022-10-01,384.8
2022-11-01,400.9
2022-12-01,393.0
2023-01-01,344.3
2023-02-01,322.2
2023-03-01,263.0
2023-04-01,233.1
2023-05-01,229.8
2023-06-01,214.7
2023-07-01,206.2
2023-08-01,205.6
2023-09-01,205.1
2023-10-01,202.1
2023-11-01,198.1
2023-12-01,196.8
2024-01-01,195.7
2024-02-01,189.5
2024-03-01,182.5
2024-04-01,165.1
2024-05-01,162.8
2024-06-01,161.7
2024-07-01,182.6
2024-08-01,183.3
2024-09-01,184.8
2024-10-01,182.3
2024-11-01,179.6
2024-12-01,180.5
2025-01-01,194.2
2025-02-01,195.2
2025-03-01,197.5
