Entity,Code,Day,Temperature anomaly
Italy,ITA,1940-01-15,-5.1709986
Italy,ITA,1940-02-15,-2.8724763
Italy,ITA,1940-03-15,-2.7524962
Italy,ITA,1940-04-15,-1.622283
Italy,ITA,1940-05-15,-1.3454943
Italy,ITA,1940-06-15,-2.3959827
Italy,ITA,1940-07-15,-1.7447395
Italy,ITA,1940-08-15,-2.546318
Italy,ITA,1940-09-15,-0.66614723
Italy,ITA,1940-10-15,-1.3000727
Italy,ITA,1940-11-15,-2.0099654
Italy,ITA,1940-12-15,-6.5925183
Italy,ITA,1941-01-15,-2.7539942
Italy,ITA,1941-02-15,-1.3323326
Italy,ITA,1941-03-15,-1.873138
Italy,ITA,1941-04-15,-2.383916
Italy,ITA,1941-05-15,-3.0835629
Italy,ITA,1941-06-15,-1.168148
Italy,ITA,1941-07-15,-0.8041649
Italy,ITA,1941-08-15,-1.6628532
Italy,ITA,1941-09-15,-2.3538303
Italy,ITA,1941-10-15,-2.5848322
Italy,ITA,1941-11-15,-3.2456412
Italy,ITA,1941-12-15,-3.6271276
Italy,ITA,1942-01-15,-6.4999704
Italy,ITA,1942-02-15,-3.9569106
Italy,ITA,1942-03-15,-0.9773989
Italy,ITA,1942-04-15,-0.868577
Italy,ITA,1942-05-15,-0.9042425
Italy,ITA,1942-06-15,-1.6160965
Italy,ITA,1942-07-15,-1.8316402
Italy,ITA,1942-08-15,-1.3126469
Italy,ITA,1942-09-15,1.3005714
Italy,ITA,1942-10-15,0.31862164
Italy,ITA,1942-11-15,-2.4164438
Italy,ITA,1942-12-15,-0.45355988
Italy,ITA,1943-01-15,-2.4992728
Italy,ITA,1943-02-15,-0.5565109
Italy,ITA,1943-03-15,-1.019897
Italy,ITA,1943-04-15,-0.21283054
Italy,ITA,1943-05-15,-0.77061176
Italy,ITA,1943-06-15,-1.8427029
Italy,ITA,1943-07-15,-0.91012573
Italy,ITA,1943-08-15,0.40470123
Italy,ITA,1943-09-15,1.3848286
Italy,ITA,1943-10-15,-0.043391228
Italy,ITA,1943-11-15,-2.3074884
Italy,ITA,1943-12-15,0.16086721
Italy,ITA,1944-01-15,-1.0625787
Italy,ITA,1944-02-15,-3.05479
Italy,ITA,1944-03-15,-4.0976014
Italy,ITA,1944-04-15,-0.5408869
Italy,ITA,1944-05-15,-0.72710705
Italy,ITA,1944-06-15,-2.0499039
Italy,ITA,1944-07-15,-1.6936665
Italy,ITA,1944-08-15,-0.33486176
Italy,ITA,1944-09-15,-0.33763504
Italy,ITA,1944-10-15,-1.945281
Italy,ITA,1944-11-15,-2.3557425
Italy,ITA,1944-12-15,-2.4074528
Italy,ITA,1945-01-15,-5.664853
Italy,ITA,1945-02-15,-1.8442183
Italy,ITA,1945-03-15,-1.4750304
Italy,ITA,1945-04-15,-0.08854008
Italy,ITA,1945-05-15,0.9306917
Italy,ITA,1945-06-15,0.729084
Italy,ITA,1945-07-15,0.59220123
Italy,ITA,1945-08-15,-0.8755932
Italy,ITA,1945-09-15,-0.077114105
Italy,ITA,1945-10-15,-1.6249523
Italy,ITA,1945-11-15,-1.9359126
Italy,ITA,1945-12-15,-1.2200065
Italy,ITA,1946-01-15,-2.2688363
Italy,ITA,1946-02-15,-1.0067587
Italy,ITA,1946-03-15,-0.960402
Italy,ITA,1946-04-15,0.006002426
Italy,ITA,1946-05-15,-0.6885328
Italy,ITA,1946-06-15,-1.3023357
Italy,ITA,1946-07-15,-0.18944168
Italy,ITA,1946-08-15,0.1330738
Italy,ITA,1946-09-15,1.6211414
Italy,ITA,1946-10-15,-1.4534359
Italy,ITA,1946-11-15,-1.0622416
Italy,ITA,1946-12-15,-3.7905536
Italy,ITA,1947-01-15,-4.71804
Italy,ITA,1947-02-15,-1.4493468
Italy,ITA,1947-03-15,0.0072364807
Italy,ITA,1947-04-15,0.15413857
Italy,ITA,1947-05-15,-0.08807945
Italy,ITA,1947-06-15,-0.16220856
Italy,ITA,1947-07-15,0.25831985
Italy,ITA,1947-08-15,0.019109726
Italy,ITA,1947-09-15,0.783638
Italy,ITA,1947-10-15,-0.9203968
Italy,ITA,1947-11-15,-0.35006905
Italy,ITA,1947-12-15,-2.8087347
Italy,ITA,1948-01-15,0.3605113
Italy,ITA,1948-02-15,-2.1355267
Italy,ITA,1948-03-15,-0.884768
Italy,ITA,1948-04-15,-1.1665306
Italy,ITA,1948-05-15,-1.0534229
Italy,ITA,1948-06-15,-2.4270267
Italy,ITA,1948-07-15,-3.527769
Italy,ITA,1948-08-15,-1.5767803
Italy,ITA,1948-09-15,-0.963459
Italy,ITA,1948-10-15,-0.46694565
Italy,ITA,1948-11-15,-1.1806164
Italy,ITA,1948-12-15,-1.657759
Italy,ITA,1949-01-15,-0.66678286
Italy,ITA,1949-02-15,-1.071157
Italy,ITA,1949-03-15,-3.61167
Italy,ITA,1949-04-15,0.6830082
Italy,ITA,1949-05-15,-1.7118683
Italy,ITA,1949-06-15,-1.72299
Italy,ITA,1949-07-15,-0.9963684
Italy,ITA,1949-08-15,-1.4513836
Italy,ITA,1949-09-15,1.1395931
Italy,ITA,1949-10-15,0.075528145
Italy,ITA,1949-11-15,-1.3778067
Italy,ITA,1949-12-15,-0.6097584
Italy,ITA,1950-01-15,-1.8555758
Italy,ITA,1950-02-15,0.3242259
Italy,ITA,1950-03-15,-0.4954548
Italy,ITA,1950-04-15,-1.5326004
Italy,ITA,1950-05-15,-0.14609623
Italy,ITA,1950-06-15,0.6348171
Italy,ITA,1950-07-15,1.8856621
Italy,ITA,1950-08-15,0.11569786
Italy,ITA,1950-09-15,-0.0287323
Italy,ITA,1950-10-15,-0.7462158
Italy,ITA,1950-11-15,-1.0559282
Italy,ITA,1950-12-15,-1.3779149
Italy,ITA,1951-01-15,-0.0432868
Italy,ITA,1951-02-15,0.34677315
Italy,ITA,1951-03-15,-1.8031716
Italy,ITA,1951-04-15,-1.2145538
Italy,ITA,1951-05-15,-1.9630041
Italy,ITA,1951-06-15,-1.4009609
Italy,ITA,1951-07-15,-1.401144
Italy,ITA,1951-08-15,-0.82596207
Italy,ITA,1951-09-15,0.41614914
Italy,ITA,1951-10-15,-2.259513
Italy,ITA,1951-11-15,0.12154007
Italy,ITA,1951-12-15,-0.533988
Italy,ITA,1952-01-15,-1.6455712
Italy,ITA,1952-02-15,-2.1741471
Italy,ITA,1952-03-15,-0.97595024
Italy,ITA,1952-04-15,0.8538666
Italy,ITA,1952-05-15,-0.67530537
Italy,ITA,1952-06-15,0.77001
Italy,ITA,1952-07-15,1.0149918
Italy,ITA,1952-08-15,0.2801304
Italy,ITA,1952-09-15,-0.6788769
Italy,ITA,1952-10-15,-1.0494232
Italy,ITA,1952-11-15,-2.151558
Italy,ITA,1952-12-15,-0.7710161
Italy,ITA,1953-01-15,-3.0383744
Italy,ITA,1953-02-15,-1.817158
Italy,ITA,1953-03-15,-1.6003261
Italy,ITA,1953-04-15,0.26837826
Italy,ITA,1953-05-15,-0.39331913
Italy,ITA,1953-06-15,-2.3294468
Italy,ITA,1953-07-15,-0.5360241
Italy,ITA,1953-08-15,-1.6277618
Italy,ITA,1953-09-15,0.69701004
Italy,ITA,1953-10-15,0.5241947
Italy,ITA,1953-11-15,-1.4202213
Italy,ITA,1953-12-15,1.3134274
Italy,ITA,1954-01-15,-3.4969087
Italy,ITA,1954-02-15,-2.641592
Italy,ITA,1954-03-15,0.020118713
Italy,ITA,1954-04-15,-1.720726
Italy,ITA,1954-05-15,-2.1921396
Italy,ITA,1954-06-15,-0.63736725
Italy,ITA,1954-07-15,-2.5926342
Italy,ITA,1954-08-15,-2.586153
Italy,ITA,1954-09-15,0.5246239
Italy,ITA,1954-10-15,-1.3096762
Italy,ITA,1954-11-15,-0.9811106
Italy,ITA,1954-12-15,0.42938423
Italy,ITA,1955-01-15,1.5595732
Italy,ITA,1955-02-15,0.8764272
Italy,ITA,1955-03-15,-1.7049084
Italy,ITA,1955-04-15,-1.2288284
Italy,ITA,1955-05-15,-0.7605076
Italy,ITA,1955-06-15,-1.1536484
Italy,ITA,1955-07-15,-0.9461689
Italy,ITA,1955-08-15,-2.4779797
Italy,ITA,1955-09-15,-1.1911869
Italy,ITA,1955-10-15,-1.5254145
Italy,ITA,1955-11-15,-1.5394955
Italy,ITA,1955-12-15,1.2854462
Italy,ITA,1956-01-15,0.3701105
Italy,ITA,1956-02-15,-6.7027907
Italy,ITA,1956-03-15,-2.49259
Italy,ITA,1956-04-15,-1.7840395
Italy,ITA,1956-05-15,-0.7955904
Italy,ITA,1956-06-15,-2.8772411
Italy,ITA,1956-07-15,-0.98068047
Italy,ITA,1956-08-15,-0.383461
Italy,ITA,1956-09-15,0.89972305
Italy,ITA,1956-10-15,-2.090516
Italy,ITA,1956-11-15,-2.6104016
Italy,ITA,1956-12-15,-1.94014
Italy,ITA,1957-01-15,-1.8285038
Italy,ITA,1957-02-15,1.2219744
Italy,ITA,1957-03-15,0.005539894
Italy,ITA,1957-04-15,-0.79524994
Italy,ITA,1957-05-15,-2.6610994
Italy,ITA,1957-06-15,-0.43697166
Italy,ITA,1957-07-15,-1.2808971
Italy,ITA,1957-08-15,-1.8112392
Italy,ITA,1957-09-15,-1.1019917
Italy,ITA,1957-10-15,-0.75946236
Italy,ITA,1957-11-15,-0.42980194
Italy,ITA,1957-12-15,-1.1061301
Italy,ITA,1958-01-15,-1.1315985
Italy,ITA,1958-02-15,1.1413507
Italy,ITA,1958-03-15,-3.2799196
Italy,ITA,1958-04-15,-2.9587774
Italy,ITA,1958-05-15,0.2602682
Italy,ITA,1958-06-15,-1.8443794
Italy,ITA,1958-07-15,-1.1330109
Italy,ITA,1958-08-15,-0.21590614
Italy,ITA,1958-09-15,0.14548302
Italy,ITA,1958-10-15,-0.75654125
Italy,ITA,1958-11-15,0.068808556
Italy,ITA,1958-12-15,0.48909283
Italy,ITA,1959-01-15,-1.0226033
Italy,ITA,1959-02-15,-0.088234425
Italy,ITA,1959-03-15,0.98371124
Italy,ITA,1959-04-15,-0.71636677
Italy,ITA,1959-05-15,-1.3085566
Italy,ITA,1959-06-15,-1.4577599
Italy,ITA,1959-07-15,-0.26635742
Italy,ITA,1959-08-15,-1.777441
Italy,ITA,1959-09-15,-0.83249855
Italy,ITA,1959-10-15,-2.0861073
Italy,ITA,1959-11-15,-1.3371181
Italy,ITA,1959-12-15,0.58211994
Italy,ITA,1960-01-15,-0.69443226
Italy,ITA,1960-02-15,0.17224312
Italy,ITA,1960-03-15,-0.41506195
Italy,ITA,1960-04-15,-0.9675369
Italy,ITA,1960-05-15,-0.81680393
Italy,ITA,1960-06-15,-0.49661255
Italy,ITA,1960-07-15,-2.077568
Italy,ITA,1960-08-15,-1.0718517
Italy,ITA,1960-09-15,-1.4182091
Italy,ITA,1960-10-15,-0.7333641
Italy,ITA,1960-11-15,0.1242857
Italy,ITA,1960-12-15,-0.036126614
Italy,ITA,1961-01-15,-0.927274
Italy,ITA,1961-02-15,0.8625927
Italy,ITA,1961-03-15,0.29441643
Italy,ITA,1961-04-15,1.6988201
Italy,ITA,1961-05-15,-1.0753498
Italy,ITA,1961-06-15,-0.72190285
Italy,ITA,1961-07-15,-1.3716927
Italy,ITA,1961-08-15,-0.8562641
Italy,ITA,1961-09-15,1.8361759
Italy,ITA,1961-10-15,-0.0776968
Italy,ITA,1961-11-15,-0.39464474
Italy,ITA,1961-12-15,-0.7106929
Italy,ITA,1962-01-15,0.41498804
Italy,ITA,1962-02-15,-1.4972634
Italy,ITA,1962-03-15,-2.9244323
Italy,ITA,1962-04-15,-0.8911209
Italy,ITA,1962-05-15,-1.3861427
Italy,ITA,1962-06-15,-2.0096016
Italy,ITA,1962-07-15,-0.93701744
Italy,ITA,1962-08-15,0.82507515
Italy,ITA,1962-09-15,0.43757248
Italy,ITA,1962-10-15,-0.2576475
Italy,ITA,1962-11-15,-1.8345914
Italy,ITA,1962-12-15,-2.884959
Italy,ITA,1963-01-15,-3.9464076
Italy,ITA,1963-02-15,-3.5625563
Italy,ITA,1963-03-15,-2.4577599
Italy,ITA,1963-04-15,-0.6695242
Italy,ITA,1963-05-15,-1.6451492
Italy,ITA,1963-06-15,-1.7592697
Italy,ITA,1963-07-15,-0.53943634
Italy,ITA,1963-08-15,-1.6173077
Italy,ITA,1963-09-15,-0.206913
Italy,ITA,1963-10-15,-1.5511723
Italy,ITA,1963-11-15,1.2859135
Italy,ITA,1963-12-15,-1.4470451
Italy,ITA,1964-01-15,-2.872296
Italy,ITA,1964-02-15,-0.94084454
Italy,ITA,1964-03-15,-0.96916294
Italy,ITA,1964-04-15,-0.62347317
Italy,ITA,1964-05-15,-0.35287952
Italy,ITA,1964-06-15,-0.25613785
Italy,ITA,1964-07-15,-1.1555691
Italy,ITA,1964-08-15,-2.0585938
Italy,ITA,1964-09-15,-0.5293579
Italy,ITA,1964-10-15,-1.6702309
Italy,ITA,1964-11-15,-0.40943718
Italy,ITA,1964-12-15,-0.709394
Italy,ITA,1965-01-15,-0.61739993
Italy,ITA,1965-02-15,-3.8397152
Italy,ITA,1965-03-15,-1.3529282
Italy,ITA,1965-04-15,-2.174553
Italy,ITA,1965-05-15,-1.7871084
Italy,ITA,1965-06-15,-1.4550743
Italy,ITA,1965-07-15,-1.0321388
Italy,ITA,1965-08-15,-2.4903603
Italy,ITA,1965-09-15,-1.7604065
Italy,ITA,1965-10-15,-1.0334606
Italy,ITA,1965-11-15,-0.65605736
Italy,ITA,1965-12-15,-0.21435499
Italy,ITA,1966-01-15,-2.6316676
Italy,ITA,1966-02-15,2.3732781
Italy,ITA,1966-03-15,-1.7389026
Italy,ITA,1966-04-15,0.042043686
Italy,ITA,1966-05-15,-1.1933889
Italy,ITA,1966-06-15,-0.55508614
Italy,ITA,1966-07-15,-2.402008
Italy,ITA,1966-08-15,-2.148552
Italy,ITA,1966-09-15,-0.034360886
Italy,ITA,1966-10-15,0.87607
Italy,ITA,1966-11-15,-3.1108513
Italy,ITA,1966-12-15,-1.5989444
Italy,ITA,1967-01-15,-2.1225538
Italy,ITA,1967-02-15,-0.54252386
Italy,ITA,1967-03-15,0.073568344
Italy,ITA,1967-04-15,-1.6911287
Italy,ITA,1967-05-15,-0.92074394
Italy,ITA,1967-06-15,-2.783409
Italy,ITA,1967-07-15,-0.40398407
Italy,ITA,1967-08-15,-1.0334644
Italy,ITA,1967-09-15,-0.6162472
Italy,ITA,1967-10-15,0.63412094
Italy,ITA,1967-11-15,0.18517494
Italy,ITA,1967-12-15,-1.4067564
Italy,ITA,1968-01-15,-2.5321803
Italy,ITA,1968-02-15,0.9475465
Italy,ITA,1968-03-15,-0.7767916
Italy,ITA,1968-04-15,0.4763155
Italy,ITA,1968-05-15,-0.8689499
Italy,ITA,1968-06-15,-2.131113
Italy,ITA,1968-07-15,-1.6387672
Italy,ITA,1968-08-15,-3.247631
Italy,ITA,1968-09-15,-1.0752411
Italy,ITA,1968-10-15,-0.46256733
Italy,ITA,1968-11-15,-0.74366283
Italy,ITA,1968-12-15,-1.4846499
Italy,ITA,1969-01-15,-1.0428705
Italy,ITA,1969-02-15,-1.5905402
Italy,ITA,1969-03-15,-1.0286198
Italy,ITA,1969-04-15,-1.4560738
Italy,ITA,1969-05-15,0.31091213
Italy,ITA,1969-06-15,-2.8906078
Italy,ITA,1969-07-15,-2.1000252
Italy,ITA,1969-08-15,-2.386135
Italy,ITA,1969-09-15,-0.44251633
Italy,ITA,1969-10-15,-0.32897377
Italy,ITA,1969-11-15,0.053251266
Italy,ITA,1969-12-15,-2.9676409
Italy,ITA,1970-01-15,0.6235428
Italy,ITA,1970-02-15,-0.5744586
Italy,ITA,1970-03-15,-2.1139765
Italy,ITA,1970-04-15,-1.6046953
Italy,ITA,1970-05-15,-2.780964
Italy,ITA,1970-06-15,-0.8156147
Italy,ITA,1970-07-15,-1.7036762
Italy,ITA,1970-08-15,-1.3149986
Italy,ITA,1970-09-15,0.4968357
Italy,ITA,1970-10-15,-1.6468401
Italy,ITA,1970-11-15,-0.08167267
Italy,ITA,1970-12-15,-1.1540666
Italy,ITA,1971-01-15,-0.29606724
Italy,ITA,1971-02-15,-0.64058256
Italy,ITA,1971-03-15,-3.6063485
Italy,ITA,1971-04-15,0.005952835
Italy,ITA,1971-05-15,-0.73407745
Italy,ITA,1971-06-15,-2.2592754
Italy,ITA,1971-07-15,-1.2105694
Italy,ITA,1971-08-15,0.44813538
Italy,ITA,1971-09-15,-1.7467918
Italy,ITA,1971-10-15,-1.6736364
Italy,ITA,1971-11-15,-1.685802
Italy,ITA,1971-12-15,-0.504302
Italy,ITA,1972-01-15,-0.04788637
Italy,ITA,1972-02-15,1.217319
Italy,ITA,1972-03-15,0.6919298
Italy,ITA,1972-04-15,-1.0141363
Italy,ITA,1972-05-15,-2.0279827
Italy,ITA,1972-06-15,-1.6117611
Italy,ITA,1972-07-15,-2.1969604
Italy,ITA,1972-08-15,-2.9146767
Italy,ITA,1972-09-15,-3.2204485
Italy,ITA,1972-10-15,-2.789422
Italy,ITA,1972-11-15,-0.7693243
Italy,ITA,1972-12-15,-0.29578304
Italy,ITA,1973-01-15,-0.23402643
Italy,ITA,1973-02-15,-1.0773969
Italy,ITA,1973-03-15,-2.2941093
Italy,ITA,1973-04-15,-2.9389782
Italy,ITA,1973-05-15,-0.22311783
Italy,ITA,1973-06-15,-0.8188076
Italy,ITA,1973-07-15,-1.1973286
Italy,ITA,1973-08-15,-1.145565
Italy,ITA,1973-09-15,0.54180527
Italy,ITA,1973-10-15,-0.9187422
Italy,ITA,1973-11-15,-1.5138817
Italy,ITA,1973-12-15,-1.1020966
Italy,ITA,1974-01-15,1.0988417
Italy,ITA,1974-02-15,1.3516884
Italy,ITA,1974-03-15,-0.16605663
Italy,ITA,1974-04-15,-1.7486038
Italy,ITA,1974-05-15,-1.7912941
Italy,ITA,1974-06-15,-2.1673298
Italy,ITA,1974-07-15,-1.4596863
Italy,ITA,1974-08-15,-0.8641014
Italy,ITA,1974-09-15,-0.55604935
Italy,ITA,1974-10-15,-4.6418676
Italy,ITA,1974-11-15,-1.6942992
Italy,ITA,1974-12-15,-0.6068797
Italy,ITA,1975-01-15,0.47369146
Italy,ITA,1975-02-15,-0.6362581
Italy,ITA,1975-03-15,-1.021234
Italy,ITA,1975-04-15,-0.9392023
Italy,ITA,1975-05-15,-1.0797148
Italy,ITA,1975-06-15,-2.604002
Italy,ITA,1975-07-15,-1.2575874
Italy,ITA,1975-08-15,-1.9856167
Italy,ITA,1975-09-15,0.93808746
Italy,ITA,1975-10-15,-2.0989237
Italy,ITA,1975-11-15,-1.6578059
Italy,ITA,1975-12-15,-0.14439869
Italy,ITA,1976-01-15,-0.47355938
Italy,ITA,1976-02-15,0.43029404
Italy,ITA,1976-03-15,-2.0667915
Italy,ITA,1976-04-15,-1.5659676
Italy,ITA,1976-05-15,-0.9277401
Italy,ITA,1976-06-15,-1.1757622
Italy,ITA,1976-07-15,-1.8609257
Italy,ITA,1976-08-15,-4.048132
Italy,ITA,1976-09-15,-2.445695
Italy,ITA,1976-10-15,-0.653203
Italy,ITA,1976-11-15,-1.340559
Italy,ITA,1976-12-15,-0.6513014
Italy,ITA,1977-01-15,0.47776318
Italy,ITA,1977-02-15,1.97753
Italy,ITA,1977-03-15,1.094533
Italy,ITA,1977-04-15,-1.2607641
Italy,ITA,1977-05-15,-1.3354654
Italy,ITA,1977-06-15,-2.2449665
Italy,ITA,1977-07-15,-1.5931683
Italy,ITA,1977-08-15,-2.7978249
Italy,ITA,1977-09-15,-2.084507
Italy,ITA,1977-10-15,-0.1151638
Italy,ITA,1977-11-15,-0.90238094
Italy,ITA,1977-12-15,-1.0348759
Italy,ITA,1978-01-15,-0.45012665
Italy,ITA,1978-02-15,-0.45550108
Italy,ITA,1978-03-15,-0.28974962
Italy,ITA,1978-04-15,-2.2025833
Italy,ITA,1978-05-15,-2.554469
Italy,ITA,1978-06-15,-2.1157207
Italy,ITA,1978-07-15,-2.490572
Italy,ITA,1978-08-15,-2.4440975
Italy,ITA,1978-09-15,-1.0178413
Italy,ITA,1978-10-15,-1.7013521
Italy,ITA,1978-11-15,-2.85359
Italy,ITA,1978-12-15,0.14527893
Italy,ITA,1979-01-15,-2.3410385
Italy,ITA,1979-02-15,0.45893145
Italy,ITA,1979-03-15,-0.2049532
Italy,ITA,1979-04-15,-2.44701
Italy,ITA,1979-05-15,-1.2344427
Italy,ITA,1979-06-15,-0.70760345
Italy,ITA,1979-07-15,-1.5567436
Italy,ITA,1979-08-15,-2.5557842
Italy,ITA,1979-09-15,-1.1342659
Italy,ITA,1979-10-15,-0.7343397
Italy,ITA,1979-11-15,-1.9932246
Italy,ITA,1979-12-15,0.2442975
Italy,ITA,1980-01-15,-1.5689788
Italy,ITA,1980-02-15,0.09533739
Italy,ITA,1980-03-15,-1.0663881
Italy,ITA,1980-04-15,-3.0098753
Italy,ITA,1980-05-15,-3.3729162
Italy,ITA,1980-06-15,-2.765051
Italy,ITA,1980-07-15,-2.8744411
Italy,ITA,1980-08-15,-0.9164715
Italy,ITA,1980-09-15,0.078660965
Italy,ITA,1980-10-15,-1.3256083
Italy,ITA,1980-11-15,-1.5969849
Italy,ITA,1980-12-15,-2.6119359
Italy,ITA,1981-01-15,-3.1530783
Italy,ITA,1981-02-15,-1.9247887
Italy,ITA,1981-03-15,0.5238085
Italy,ITA,1981-04-15,0.020271301
Italy,ITA,1981-05-15,-1.5186796
Italy,ITA,1981-06-15,-0.86899567
Italy,ITA,1981-07-15,-2.433876
Italy,ITA,1981-08-15,-1.6317902
Italy,ITA,1981-09-15,-0.1700573
Italy,ITA,1981-10-15,-0.2249775
Italy,ITA,1981-11-15,-2.7640676
Italy,ITA,1981-12-15,-0.40830564
Italy,ITA,1982-01-15,0.15981817
Italy,ITA,1982-02-15,-1.5045235
Italy,ITA,1982-03-15,-2.0281768
Italy,ITA,1982-04-15,-1.5893974
Italy,ITA,1982-05-15,-0.8676529
Italy,ITA,1982-06-15,0.20347404
Italy,ITA,1982-07-15,0.002796173
Italy,ITA,1982-08-15,-1.3988667
Italy,ITA,1982-09-15,1.1029663
Italy,ITA,1982-10-15,-0.82565594
Italy,ITA,1982-11-15,-0.22882175
Italy,ITA,1982-12-15,0.19313669
Italy,ITA,1983-01-15,-0.012444973
Italy,ITA,1983-02-15,-2.5796492
Italy,ITA,1983-03-15,-0.65658855
Italy,ITA,1983-04-15,-0.42619228
Italy,ITA,1983-05-15,-1.1022196
Italy,ITA,1983-06-15,-1.6099415
Italy,ITA,1983-07-15,0.84830284
Italy,ITA,1983-08-15,-1.7442169
Italy,ITA,1983-09-15,-0.030359268
Italy,ITA,1983-10-15,-0.9078636
Italy,ITA,1983-11-15,-1.2170639
Italy,ITA,1983-12-15,-0.88255215
Italy,ITA,1984-01-15,-0.5989709
Italy,ITA,1984-02-15,-1.7344561
Italy,ITA,1984-03-15,-2.290763
Italy,ITA,1984-04-15,-1.9158125
Italy,ITA,1984-05-15,-3.0461807
Italy,ITA,1984-06-15,-2.5423698
Italy,ITA,1984-07-15,-1.3252106
Italy,ITA,1984-08-15,-2.655714
Italy,ITA,1984-09-15,-1.7183018
Italy,ITA,1984-10-15,-0.74082565
Italy,ITA,1984-11-15,0.036226273
Italy,ITA,1984-12-15,-0.20318747
Italy,ITA,1985-01-15,-3.690542
Italy,ITA,1985-02-15,-0.90819645
Italy,ITA,1985-03-15,-1.6556549
Italy,ITA,1985-04-15,-0.7192793
Italy,ITA,1985-05-15,-1.1195536
Italy,ITA,1985-06-15,-1.7717743
Italy,ITA,1985-07-15,-0.11485863
Italy,ITA,1985-08-15,-1.1288509
Italy,ITA,1985-09-15,0.78777885
Italy,ITA,1985-10-15,-0.39048862
Italy,ITA,1985-11-15,-1.6856709
Italy,ITA,1985-12-15,0.6224251
Italy,ITA,1986-01-15,-0.7619138
Italy,ITA,1986-02-15,-2.5314708
Italy,ITA,1986-03-15,-1.0047555
Italy,ITA,1986-04-15,-1.0851154
Italy,ITA,1986-05-15,1.0348063
Italy,ITA,1986-06-15,-1.9183102
Italy,ITA,1986-07-15,-1.7623138
Italy,ITA,1986-08-15,-0.6171341
Italy,ITA,1986-09-15,-0.27822495
Italy,ITA,1986-10-15,0.009799957
Italy,ITA,1986-11-15,-0.7302265
Italy,ITA,1986-12-15,-1.7738736
Italy,ITA,1987-01-15,-1.7885551
Italy,ITA,1987-02-15,-0.48566246
Italy,ITA,1987-03-15,-4.207628
Italy,ITA,1987-04-15,-0.6636181
Italy,ITA,1987-05-15,-2.7297869
Italy,ITA,1987-06-15,-1.9540615
Italy,ITA,1987-07-15,-0.19421768
Italy,ITA,1987-08-15,-0.7944374
Italy,ITA,1987-09-15,2.203474
Italy,ITA,1987-10-15,0.6747818
Italy,ITA,1987-11-15,-0.3840456
Italy,ITA,1987-12-15,0.5225215
Italy,ITA,1988-01-15,1.6166372
Italy,ITA,1988-02-15,-0.18032932
Italy,ITA,1988-03-15,-1.2276673
Italy,ITA,1988-04-15,-0.4305868
Italy,ITA,1988-05-15,-0.11826992
Italy,ITA,1988-06-15,-1.7861137
Italy,ITA,1988-07-15,0.53359413
Italy,ITA,1988-08-15,-0.3167038
Italy,ITA,1988-09-15,-0.6764622
Italy,ITA,1988-10-15,0.91867733
Italy,ITA,1988-11-15,-2.9572153
Italy,ITA,1988-12-15,-1.1800528
Italy,ITA,1989-01-15,-0.8971467
Italy,ITA,1989-02-15,0.9008422
Italy,ITA,1989-03-15,1.3627863
Italy,ITA,1989-04-15,-0.7109165
Italy,ITA,1989-05-15,-0.99609756
Italy,ITA,1989-06-15,-2.3173237
Italy,ITA,1989-07-15,-1.1490974
Italy,ITA,1989-08-15,-1.1742649
Italy,ITA,1989-09-15,-0.9159508
Italy,ITA,1989-10-15,-1.9124718
Italy,ITA,1989-11-15,-1.933209
Italy,ITA,1989-12-15,0.21802092
Italy,ITA,1990-01-15,-0.5562022
Italy,ITA,1990-02-15,2.46634
Italy,ITA,1990-03-15,0.9242468
Italy,ITA,1990-04-15,-1.3692083
Italy,ITA,1990-05-15,-0.1138134
Italy,ITA,1990-06-15,-1.1961937
Italy,ITA,1990-07-15,-0.9021416
Italy,ITA,1990-08-15,-1.3633671
Italy,ITA,1990-09-15,-0.39198112
Italy,ITA,1990-10-15,0.9995203
Italy,ITA,1990-11-15,-0.9887209
Italy,ITA,1990-12-15,-2.672
Italy,ITA,1991-01-15,-0.6989522
Italy,ITA,1991-02-15,-2.0023627
Italy,ITA,1991-03-15,1.3463469
Italy,ITA,1991-04-15,-2.3800192
Italy,ITA,1991-05-15,-3.8323393
Italy,ITA,1991-06-15,-1.736948
Italy,ITA,1991-07-15,-0.36564636
Italy,ITA,1991-08-15,-0.37779236
Italy,ITA,1991-09-15,0.8550949
Italy,ITA,1991-10-15,-1.4976835
Italy,ITA,1991-11-15,-1.5396729
Italy,ITA,1991-12-15,-3.0876813
Italy,ITA,1992-01-15,-1.0567396
Italy,ITA,1992-02-15,-0.47787952
Italy,ITA,1992-03-15,-0.5880079
Italy,ITA,1992-04-15,-0.7633085
Italy,ITA,1992-05-15,-0.07947922
Italy,ITA,1992-06-15,-2.4337788
Italy,ITA,1992-07-15,-1.6206608
Italy,ITA,1992-08-15,0.590971
Italy,ITA,1992-09-15,-0.013763428
Italy,ITA,1992-10-15,-0.67330456
Italy,ITA,1992-11-15,0.6697054
Italy,ITA,1992-12-15,-0.17494583
Italy,ITA,1993-01-15,-0.29652262
Italy,ITA,1993-02-15,-1.5614896
Italy,ITA,1993-03-15,-2.0400844
Italy,ITA,1993-04-15,-0.50704575
Italy,ITA,1993-05-15,0.32189083
Italy,ITA,1993-06-15,-0.20412254
Italy,ITA,1993-07-15,-1.6188889
Italy,ITA,1993-08-15,0.21453285
Italy,ITA,1993-09-15,-0.6227207
Italy,ITA,1993-10-15,-0.14879322
Italy,ITA,1993-11-15,-1.5926394
Italy,ITA,1993-12-15,0.6942196
Italy,ITA,1994-01-15,1.0276055
Italy,ITA,1994-02-15,-0.49183464
Italy,ITA,1994-03-15,1.8640375
Italy,ITA,1994-04-15,-1.3216476
Italy,ITA,1994-05-15,0.12611866
Italy,ITA,1994-06-15,-0.89645576
Italy,ITA,1994-07-15,0.56204414
Italy,ITA,1994-08-15,1.2322636
Italy,ITA,1994-09-15,0.5356102
Italy,ITA,1994-10-15,-0.5994911
Italy,ITA,1994-11-15,1.1024923
Italy,ITA,1994-12-15,0.6938858
Italy,ITA,1995-01-15,-1.0436969
Italy,ITA,1995-02-15,1.78093
Italy,ITA,1995-03-15,-1.6647325
Italy,ITA,1995-04-15,-1.0248203
Italy,ITA,1995-05-15,-0.96077156
Italy,ITA,1995-06-15,-2.1149464
Italy,ITA,1995-07-15,0.54112816
Italy,ITA,1995-08-15,-1.853611
Italy,ITA,1995-09-15,-1.8212528
Italy,ITA,1995-10-15,0.18432236
Italy,ITA,1995-11-15,-1.3731403
Italy,ITA,1995-12-15,0.8791008
Italy,ITA,1996-01-15,1.0239964
Italy,ITA,1996-02-15,-1.5983388
Italy,ITA,1996-03-15,-1.95119
Italy,ITA,1996-04-15,-0.3957739
Italy,ITA,1996-05-15,-0.3541355
Italy,ITA,1996-06-15,-0.35243416
Italy,ITA,1996-07-15,-1.5332413
Italy,ITA,1996-08-15,-1.3723907
Italy,ITA,1996-09-15,-2.6911688
Italy,ITA,1996-10-15,-1.3405218
Italy,ITA,1996-11-15,0.04645443
Italy,ITA,1996-12-15,-0.20707321
Italy,ITA,1997-01-15,0.91132545
Italy,ITA,1997-02-15,1.165062
Italy,ITA,1997-03-15,0.7632799
Italy,ITA,1997-04-15,-2.0143414
Italy,ITA,1997-05-15,0.34364796
Italy,ITA,1997-06-15,-0.16710472
Italy,ITA,1997-07-15,-1.2680607
Italy,ITA,1997-08-15,-1.0344505
Italy,ITA,1997-09-15,0.76506233
Italy,ITA,1997-10-15,-0.378726
Italy,ITA,1997-11-15,-0.114001274
Italy,ITA,1997-12-15,0.32180357
Italy,ITA,1998-01-15,0.5059004
Italy,ITA,1998-02-15,1.7344909
Italy,ITA,1998-03-15,-0.91545105
Italy,ITA,1998-04-15,-0.19210625
Italy,ITA,1998-05-15,-0.2027607
Italy,ITA,1998-06-15,0.43838882
Italy,ITA,1998-07-15,0.52254677
Italy,ITA,1998-08-15,0.50040627
Italy,ITA,1998-09-15,-0.48162842
Italy,ITA,1998-10-15,-0.42613983
Italy,ITA,1998-11-15,-2.1114764
Italy,ITA,1998-12-15,-1.610389
Italy,ITA,1999-01-15,-0.11867571
Italy,ITA,1999-02-15,-1.5172942
Italy,ITA,1999-03-15,-0.1612463
Italy,ITA,1999-04-15,-0.15204906
Italy,ITA,1999-05-15,1.2218275
Italy,ITA,1999-06-15,-0.10382271
Italy,ITA,1999-07-15,-0.5966778
Italy,ITA,1999-08-15,0.18239784
Italy,ITA,1999-09-15,1.0118961
Italy,ITA,1999-10-15,0.5081072
Italy,ITA,1999-11-15,-1.3907509
Italy,ITA,1999-12-15,-0.5513582
Italy,ITA,2000-01-15,-1.6681702
Italy,ITA,2000-02-15,0.56206894
Italy,ITA,2000-03-15,0.286417
Italy,ITA,2000-04-15,0.77999115
Italy,ITA,2000-05-15,1.5385313
Italy,ITA,2000-06-15,0.43980598
Italy,ITA,2000-07-15,-1.4354534
Italy,ITA,2000-08-15,0.15942383
Italy,ITA,2000-09-15,0.16362
Italy,ITA,2000-10-15,0.09657669
Italy,ITA,2000-11-15,0.4137926
Italy,ITA,2000-12-15,1.4651957
Italy,ITA,2001-01-15,1.2445917
Italy,ITA,2001-02-15,0.64849615
Italy,ITA,2001-03-15,2.313878
Italy,ITA,2001-04-15,-1.188201
Italy,ITA,2001-05-15,1.0026541
Italy,ITA,2001-06-15,-0.57930946
Italy,ITA,2001-07-15,-0.22689438
Italy,ITA,2001-08-15,0.54616547
Italy,ITA,2001-09-15,-1.7999458
Italy,ITA,2001-10-15,2.0124607
Italy,ITA,2001-11-15,-1.0003681
Italy,ITA,2001-12-15,-2.6550653
Italy,ITA,2002-01-15,-1.5337927
Italy,ITA,2002-02-15,1.8203211
Italy,ITA,2002-03-15,1.2605324
Italy,ITA,2002-04-15,-0.34883308
Italy,ITA,2002-05-15,-0.15847111
Italy,ITA,2002-06-15,1.0273914
Italy,ITA,2002-07-15,-0.7326145
Italy,ITA,2002-08-15,-1.6363926
Italy,ITA,2002-09-15,-1.5307446
Italy,ITA,2002-10-15,-0.2835703
Italy,ITA,2002-11-15,1.641489
Italy,ITA,2002-12-15,1.1273174
Italy,ITA,2003-01-15,0.07861757
Italy,ITA,2003-02-15,-3.1489928
Italy,ITA,2003-03-15,-0.35929012
Italy,ITA,2003-04-15,-0.9757681
Italy,ITA,2003-05-15,1.773345
Italy,ITA,2003-06-15,3.1926422
Italy,ITA,2003-07-15,1.4390926
Italy,ITA,2003-08-15,2.543005
Italy,ITA,2003-09-15,-0.44272232
Italy,ITA,2003-10-15,-1.1952009
Italy,ITA,2003-11-15,0.57700634
Italy,ITA,2003-12-15,-0.1297183
Italy,ITA,2004-01-15,-0.87665224
Italy,ITA,2004-02-15,0.009727001
Italy,ITA,2004-03-15,-1.2964978
Italy,ITA,2004-04-15,-0.44605637
Italy,ITA,2004-05-15,-2.0245428
Italy,ITA,2004-06-15,-0.46422386
Italy,ITA,2004-07-15,-0.40305138
Italy,ITA,2004-08-15,-0.29407692
Italy,ITA,2004-09-15,0.19081879
Italy,ITA,2004-10-15,1.5761919
Italy,ITA,2004-11-15,-0.30517673
Italy,ITA,2004-12-15,0.9968939
Italy,ITA,2005-01-15,-1.4320943
Italy,ITA,2005-02-15,-2.7982113
Italy,ITA,2005-03-15,-1.0286603
Italy,ITA,2005-04-15,-0.7554083
Italy,ITA,2005-05-15,0.8641844
Italy,ITA,2005-06-15,0.34366417
Italy,ITA,2005-07-15,-0.000102996826
Italy,ITA,2005-08-15,-2.0027351
Italy,ITA,2005-09-15,-0.012765884
Italy,ITA,2005-10-15,-0.39801311
Italy,ITA,2005-11-15,-0.98406315
Italy,ITA,2005-12-15,-1.7067809
Italy,ITA,2006-01-15,-1.7379417
Italy,ITA,2006-02-15,-0.72757244
Italy,ITA,2006-03-15,-1.3225279
Italy,ITA,2006-04-15,0.42778873
Italy,ITA,2006-05-15,0.28241253
Italy,ITA,2006-06-15,-0.16541481
Italy,ITA,2006-07-15,1.0486946
Italy,ITA,2006-08-15,-2.0353603
Italy,ITA,2006-09-15,0.6734257
Italy,ITA,2006-10-15,1.1129503
Italy,ITA,2006-11-15,0.32364845
Italy,ITA,2006-12-15,1.0795493
Italy,ITA,2007-01-15,2.2286038
Italy,ITA,2007-02-15,2.097611
Italy,ITA,2007-03-15,0.5115824
Italy,ITA,2007-04-15,2.047267
Italy,ITA,2007-05-15,0.7906885
Italy,ITA,2007-06-15,0.31363487
Italy,ITA,2007-07-15,0.34496498
Italy,ITA,2007-08-15,-0.639349
Italy,ITA,2007-09-15,-1.0109272
Italy,ITA,2007-10-15,-0.81741333
Italy,ITA,2007-11-15,-1.4866395
Italy,ITA,2007-12-15,-0.9486747
Italy,ITA,2008-01-15,1.3935037
Italy,ITA,2008-02-15,0.6091528
Italy,ITA,2008-03-15,0.054932594
Italy,ITA,2008-04-15,-0.14952469
Italy,ITA,2008-05-15,0.30985737
Italy,ITA,2008-06-15,0.04142189
Italy,ITA,2008-07-15,-0.05252838
Italy,ITA,2008-08-15,0.23303223
Italy,ITA,2008-09-15,-0.732954
Italy,ITA,2008-10-15,0.58790207
Italy,ITA,2008-11-15,-0.10982132
Italy,ITA,2008-12-15,-0.37277412
Italy,ITA,2009-01-15,-0.37186527
Italy,ITA,2009-02-15,-0.92769766
Italy,ITA,2009-03-15,-0.2493205
Italy,ITA,2009-04-15,0.55131817
Italy,ITA,2009-05-15,1.8163385
Italy,ITA,2009-06-15,-0.30680466
Italy,ITA,2009-07-15,0.22598457
Italy,ITA,2009-08-15,0.98067474
Italy,ITA,2009-09-15,0.7429962
Italy,ITA,2009-10-15,-0.9177904
Italy,ITA,2009-11-15,0.3787117
Italy,ITA,2009-12-15,-0.032542706
Italy,ITA,2010-01-15,-1.1065412
Italy,ITA,2010-02-15,-0.103643894
Italy,ITA,2010-03-15,-0.7309618
Italy,ITA,2010-04-15,0.15901566
Italy,ITA,2010-05-15,-0.8064766
Italy,ITA,2010-06-15,-0.48423958
Italy,ITA,2010-07-15,0.8179703
Italy,ITA,2010-08-15,-0.71759605
Italy,ITA,2010-09-15,-0.78977966
Italy,ITA,2010-10-15,-1.3821745
Italy,ITA,2010-11-15,0.055823326
Italy,ITA,2010-12-15,-1.2369738
Italy,ITA,2011-01-15,-0.15047741
Italy,ITA,2011-02-15,0.26264048
Italy,ITA,2011-03-15,-0.34436464
Italy,ITA,2011-04-15,1.44767
Italy,ITA,2011-05-15,0.50864124
Italy,ITA,2011-06-15,-0.22605324
Italy,ITA,2011-07-15,-1.1659336
Italy,ITA,2011-08-15,0.53087044
Italy,ITA,2011-09-15,2.2335968
Italy,ITA,2011-10-15,-0.5320101
Italy,ITA,2011-11-15,-0.056002617
Italy,ITA,2011-12-15,0.8874321
Italy,ITA,2012-01-15,-0.4656942
Italy,ITA,2012-02-15,-3.1779294
Italy,ITA,2012-03-15,1.7926855
Italy,ITA,2012-04-15,-0.052303314
Italy,ITA,2012-05-15,-0.3842001
Italy,ITA,2012-06-15,1.5832081
Italy,ITA,2012-07-15,1.077095
Italy,ITA,2012-08-15,1.6373901
Italy,ITA,2012-09-15,0.53694725
Italy,ITA,2012-10-15,0.65967464
Italy,ITA,2012-11-15,1.346159
Italy,ITA,2012-12-15,-0.86101055
Italy,ITA,2013-01-15,0.38712645
Italy,ITA,2013-02-15,-1.5795269
Italy,ITA,2013-03-15,-0.6683178
Italy,ITA,2013-04-15,0.9908562
Italy,ITA,2013-05-15,-1.1235924
Italy,ITA,2013-06-15,-0.96193314
Italy,ITA,2013-07-15,0.09719849
Italy,ITA,2013-08-15,0.14202881
Italy,ITA,2013-09-15,0.49036407
Italy,ITA,2013-10-15,1.2595892
Italy,ITA,2013-11-15,0.15253639
Italy,ITA,2013-12-15,0.46795416
Italy,ITA,2014-01-15,1.9764242
Italy,ITA,2014-02-15,2.4817834
Italy,ITA,2014-03-15,0.62658024
Italy,ITA,2014-04-15,0.7250643
Italy,ITA,2014-05-15,-0.8783579
Italy,ITA,2014-06-15,0.007890701
Italy,ITA,2014-07-15,-1.5412025
Italy,ITA,2014-08-15,-1.1167164
Italy,ITA,2014-09-15,0.25870514
Italy,ITA,2014-10-15,1.3619099
Italy,ITA,2014-11-15,2.294467
Italy,ITA,2014-12-15,1.2694602
Italy,ITA,2015-01-15,0.84540176
Italy,ITA,2015-02-15,-0.24786186
Italy,ITA,2015-03-15,0.20575428
Italy,ITA,2015-04-15,0.2955637
Italy,ITA,2015-05-15,0.8625231
Italy,ITA,2015-06-15,0.39490318
Italy,ITA,2015-07-15,2.5729408
Italy,ITA,2015-08-15,0.3960495
Italy,ITA,2015-09-15,0.45529938
Italy,ITA,2015-10-15,-0.20498085
Italy,ITA,2015-11-15,0.8040657
Italy,ITA,2015-12-15,1.2679324
Italy,ITA,2016-01-15,1.0893817
Italy,ITA,2016-02-15,2.7249198
Italy,ITA,2016-03-15,-0.029208183
Italy,ITA,2016-04-15,1.6440258
Italy,ITA,2016-05-15,-0.65041065
Italy,ITA,2016-06-15,-0.3518963
Italy,ITA,2016-07-15,0.54112244
Italy,ITA,2016-08-15,-0.58452797
Italy,ITA,2016-09-15,0.71578026
Italy,ITA,2016-10-15,-0.34050846
Italy,ITA,2016-11-15,0.33177853
Italy,ITA,2016-12-15,0.33971643
Italy,ITA,2017-01-15,-2.1182845
Italy,ITA,2017-02-15,1.9826493
Italy,ITA,2017-03-15,1.8736124
Italy,ITA,2017-04-15,0.51567745
Italy,ITA,2017-05-15,0.7150221
Italy,ITA,2017-06-15,1.9903526
Italy,ITA,2017-07-15,0.8230152
Italy,ITA,2017-08-15,1.6602135
Italy,ITA,2017-09-15,-0.969017
Italy,ITA,2017-10-15,0.13280582
Italy,ITA,2017-11-15,-0.79436016
Italy,ITA,2017-12-15,-0.9258499
Italy,ITA,2018-01-15,2.2556324
Italy,ITA,2018-02-15,-1.3697495
Italy,ITA,2018-03-15,-0.74185896
Italy,ITA,2018-04-15,2.4481363
Italy,ITA,2018-05-15,0.8659315
Italy,ITA,2018-06-15,0.3299923
Italy,ITA,2018-07-15,0.7421894
Italy,ITA,2018-08-15,0.26102066
Italy,ITA,2018-09-15,1.2456684
Italy,ITA,2018-10-15,1.1697826
Italy,ITA,2018-11-15,0.98670864
Italy,ITA,2018-12-15,0.41620016
Italy,ITA,2019-01-15,-1.2961562
Italy,ITA,2019-02-15,1.1834941
Italy,ITA,2019-03-15,1.1872253
Italy,ITA,2019-04-15,-0.04534912
Italy,ITA,2019-05-15,-2.7321672
Italy,ITA,2019-06-15,2.2587814
Italy,ITA,2019-07-15,0.97916985
Italy,ITA,2019-08-15,0.976799
Italy,ITA,2019-09-15,0.91433334
Italy,ITA,2019-10-15,1.436409
Italy,ITA,2019-11-15,0.9016743
Italy,ITA,2019-12-15,1.7564826
Italy,ITA,2020-01-15,1.0041418
Italy,ITA,2020-02-15,2.6670504
Italy,ITA,2020-03-15,0.0048627853
Italy,ITA,2020-04-15,0.6801758
Italy,ITA,2020-05-15,0.8440714
Italy,ITA,2020-06-15,-0.8125782
Italy,ITA,2020-07-15,0.22582436
Italy,ITA,2020-08-15,0.8777733
Italy,ITA,2020-09-15,1.1301727
Italy,ITA,2020-10-15,-0.96235657
Italy,ITA,2020-11-15,0.83162785
Italy,ITA,2020-12-15,0.83769846
Italy,ITA,2021-01-15,-0.18284512
Italy,ITA,2021-02-15,2.1231933
Italy,ITA,2021-03-15,-0.5008259
Italy,ITA,2021-04-15,-1.2976074
Italy,ITA,2021-05-15,-0.71536255
Italy,ITA,2021-06-15,1.5575886
Italy,ITA,2021-07-15,0.8216648
Italy,ITA,2021-08-15,0.6156025
Italy,ITA,2021-09-15,1.4524479
Italy,ITA,2021-10-15,-0.73624325
Italy,ITA,2021-11-15,0.6785288
Italy,ITA,2021-12-15,0.2298665
Italy,ITA,2022-01-15,0.32507658
Italy,ITA,2022-02-15,1.550107
Italy,ITA,2022-03-15,-1.0806727
Italy,ITA,2022-04-15,-0.3203678
Italy,ITA,2022-05-15,1.8682528
Italy,ITA,2022-06-15,3.0746078
Italy,ITA,2022-07-15,2.4246387
Italy,ITA,2022-08-15,0.94618034
Italy,ITA,2022-09-15,0.79995155
Italy,ITA,2022-10-15,2.2540112
Italy,ITA,2022-11-15,1.1077785
Italy,ITA,2022-12-15,2.3574076
Italy,ITA,2023-01-15,1.3716292
Italy,ITA,2023-02-15,0.8397088
Italy,ITA,2023-03-15,1.4557972
Italy,ITA,2023-04-15,-0.48187828
Italy,ITA,2023-05-15,-0.277009
Italy,ITA,2023-06-15,0.5436592
Italy,ITA,2023-07-15,2.0514793
Italy,ITA,2023-08-15,0.6584797
Italy,ITA,2023-09-15,2.3596344
Italy,ITA,2023-10-15,3.4144154
Italy,ITA,2023-11-15,0.9159479
Italy,ITA,2023-12-15,1.9188762
Italy,ITA,2024-01-15,1.6964965
Italy,ITA,2024-02-15,3.4337735
Italy,ITA,2024-03-15,1.8007889
Italy,ITA,2024-04-15,1.1803322
Italy,ITA,2024-05-15,0.12450409
Italy,ITA,2024-06-15,0.8208027
Italy,ITA,2024-07-15,2.1409264
Italy,ITA,2024-08-15,2.3309917
Italy,ITA,2024-09-15,0.16802406
Italy,ITA,2024-10-15,1.573842
Italy,ITA,2024-11-15,0.29478168
Italy,ITA,2024-12-15,0.4324317
Italy,ITA,2025-01-15,1.9260278
Italy,ITA,2025-02-15,1.4970183
Italy,ITA,2025-03-15,1.1953087